label,avg_ct,avg_lt,avg_rt,bytes,concurrency,fail,stdev_rt,succ,throughput,perc_0.0,perc_50.0,perc_90.0,perc_95.0,perc_99.0,perc_99.9,perc_100.0,rc_200
Fico site test,0.65864,0.99110,1.87934,401496871,50,0,0.42998,953,953,1.31800,1.74800,2.33000,2.80800,3.66600,4.21200,4.21200,953
,0.65864,0.99110,1.87934,401496871,50,0,0.42998,953,953,1.31800,1.74800,2.33000,2.80800,3.66600,4.21200,4.21200,953
